-- Twenty demo matrimonial accounts (auth + profiles + member_private).
-- Mirrors scripts/seed_demo_accounts.mjs (deterministic UUIDs — RFC v5 SHA-1 over emails; namespace 886313e1-…628fb).
--
-- Demo password (email auth): VanikDemo2026!
--
-- Bucket photos must be seeded separately — after migrate/push run once:
--   SEED_DEMO_PHOTOS_ONLY=1 npm run seed:demo
--
-- Idempotent: skips all SQL below if auth user vanik-demo-male-01@example.com already exists.

SET search_path = public, extensions;

DO LANGUAGE plpgsql $$
DECLARE
  r RECORD;
BEGIN
  IF EXISTS (SELECT 1 FROM auth.users WHERE email = 'vanik-demo-male-01@example.com' LIMIT 1) THEN
    RAISE NOTICE 'seed_demo_accounts: skipped (already present)';
    RETURN;
  END IF;

INSERT INTO auth.users (
instance_id,
  id,
  aud,
  role,
  email,
  encrypted_password,
  email_confirmed_at,
  invited_at,
  confirmation_token,
  confirmation_sent_at,
  recovery_token,
  recovery_sent_at,
  email_change_token_new,
  email_change,
  email_change_sent_at,
  last_sign_in_at,
  raw_app_meta_data,
  raw_user_meta_data,
  is_super_admin,
  created_at,
  updated_at,
  phone,
  phone_confirmed_at,
  phone_change,
  phone_change_token,
  phone_change_sent_at,
  email_change_token_current,
  email_change_confirm_status,
  banned_until,
  reauthentication_token,
  reauthentication_sent_at,
  is_sso_user
) VALUES (
       '00000000-0000-0000-0000-000000000000'::uuid,
       '3f112d18-0c06-5560-897a-314369339080'::uuid,
       'authenticated',
       'authenticated',
       'vanik-demo-male-01@example.com',
       crypt('VanikDemo2026!'::text, gen_salt('bf'::text)),
       now(),
       NULL::timestamptz,
       '',
       now(),
       '',
       NULL::timestamptz,
       '',
       '',
       NULL::timestamptz,
       now(),
       '{"provider":"email","providers":["email"]}'::jsonb,
       '{}'::jsonb,
       NULL::boolean,
       now(),
       now(),
       NULL::text,
       NULL::timestamptz,
       '',
       '',
       NULL::timestamptz,
       '',
       0::smallint,
       NULL::timestamptz,
       '',
       NULL::timestamptz,
       false::boolean
    );INSERT INTO auth.users (
instance_id,
  id,
  aud,
  role,
  email,
  encrypted_password,
  email_confirmed_at,
  invited_at,
  confirmation_token,
  confirmation_sent_at,
  recovery_token,
  recovery_sent_at,
  email_change_token_new,
  email_change,
  email_change_sent_at,
  last_sign_in_at,
  raw_app_meta_data,
  raw_user_meta_data,
  is_super_admin,
  created_at,
  updated_at,
  phone,
  phone_confirmed_at,
  phone_change,
  phone_change_token,
  phone_change_sent_at,
  email_change_token_current,
  email_change_confirm_status,
  banned_until,
  reauthentication_token,
  reauthentication_sent_at,
  is_sso_user
) VALUES (
       '00000000-0000-0000-0000-000000000000'::uuid,
       'bf38c86a-d36b-52bd-8f07-3cdf83fec4ba'::uuid,
       'authenticated',
       'authenticated',
       'vanik-demo-male-02@example.com',
       crypt('VanikDemo2026!'::text, gen_salt('bf'::text)),
       now(),
       NULL::timestamptz,
       '',
       now(),
       '',
       NULL::timestamptz,
       '',
       '',
       NULL::timestamptz,
       now(),
       '{"provider":"email","providers":["email"]}'::jsonb,
       '{}'::jsonb,
       NULL::boolean,
       now(),
       now(),
       NULL::text,
       NULL::timestamptz,
       '',
       '',
       NULL::timestamptz,
       '',
       0::smallint,
       NULL::timestamptz,
       '',
       NULL::timestamptz,
       false::boolean
    );INSERT INTO auth.users (
instance_id,
  id,
  aud,
  role,
  email,
  encrypted_password,
  email_confirmed_at,
  invited_at,
  confirmation_token,
  confirmation_sent_at,
  recovery_token,
  recovery_sent_at,
  email_change_token_new,
  email_change,
  email_change_sent_at,
  last_sign_in_at,
  raw_app_meta_data,
  raw_user_meta_data,
  is_super_admin,
  created_at,
  updated_at,
  phone,
  phone_confirmed_at,
  phone_change,
  phone_change_token,
  phone_change_sent_at,
  email_change_token_current,
  email_change_confirm_status,
  banned_until,
  reauthentication_token,
  reauthentication_sent_at,
  is_sso_user
) VALUES (
       '00000000-0000-0000-0000-000000000000'::uuid,
       '1f520617-bb29-5c5f-8cda-0092a94da449'::uuid,
       'authenticated',
       'authenticated',
       'vanik-demo-male-03@example.com',
       crypt('VanikDemo2026!'::text, gen_salt('bf'::text)),
       now(),
       NULL::timestamptz,
       '',
       now(),
       '',
       NULL::timestamptz,
       '',
       '',
       NULL::timestamptz,
       now(),
       '{"provider":"email","providers":["email"]}'::jsonb,
       '{}'::jsonb,
       NULL::boolean,
       now(),
       now(),
       NULL::text,
       NULL::timestamptz,
       '',
       '',
       NULL::timestamptz,
       '',
       0::smallint,
       NULL::timestamptz,
       '',
       NULL::timestamptz,
       false::boolean
    );INSERT INTO auth.users (
instance_id,
  id,
  aud,
  role,
  email,
  encrypted_password,
  email_confirmed_at,
  invited_at,
  confirmation_token,
  confirmation_sent_at,
  recovery_token,
  recovery_sent_at,
  email_change_token_new,
  email_change,
  email_change_sent_at,
  last_sign_in_at,
  raw_app_meta_data,
  raw_user_meta_data,
  is_super_admin,
  created_at,
  updated_at,
  phone,
  phone_confirmed_at,
  phone_change,
  phone_change_token,
  phone_change_sent_at,
  email_change_token_current,
  email_change_confirm_status,
  banned_until,
  reauthentication_token,
  reauthentication_sent_at,
  is_sso_user
) VALUES (
       '00000000-0000-0000-0000-000000000000'::uuid,
       'ce8e5234-c933-5be7-9a1a-917e94413dde'::uuid,
       'authenticated',
       'authenticated',
       'vanik-demo-male-04@example.com',
       crypt('VanikDemo2026!'::text, gen_salt('bf'::text)),
       now(),
       NULL::timestamptz,
       '',
       now(),
       '',
       NULL::timestamptz,
       '',
       '',
       NULL::timestamptz,
       now(),
       '{"provider":"email","providers":["email"]}'::jsonb,
       '{}'::jsonb,
       NULL::boolean,
       now(),
       now(),
       NULL::text,
       NULL::timestamptz,
       '',
       '',
       NULL::timestamptz,
       '',
       0::smallint,
       NULL::timestamptz,
       '',
       NULL::timestamptz,
       false::boolean
    );INSERT INTO auth.users (
instance_id,
  id,
  aud,
  role,
  email,
  encrypted_password,
  email_confirmed_at,
  invited_at,
  confirmation_token,
  confirmation_sent_at,
  recovery_token,
  recovery_sent_at,
  email_change_token_new,
  email_change,
  email_change_sent_at,
  last_sign_in_at,
  raw_app_meta_data,
  raw_user_meta_data,
  is_super_admin,
  created_at,
  updated_at,
  phone,
  phone_confirmed_at,
  phone_change,
  phone_change_token,
  phone_change_sent_at,
  email_change_token_current,
  email_change_confirm_status,
  banned_until,
  reauthentication_token,
  reauthentication_sent_at,
  is_sso_user
) VALUES (
       '00000000-0000-0000-0000-000000000000'::uuid,
       '9d8da1ca-8804-5804-b8f0-52a8c1f13243'::uuid,
       'authenticated',
       'authenticated',
       'vanik-demo-male-05@example.com',
       crypt('VanikDemo2026!'::text, gen_salt('bf'::text)),
       now(),
       NULL::timestamptz,
       '',
       now(),
       '',
       NULL::timestamptz,
       '',
       '',
       NULL::timestamptz,
       now(),
       '{"provider":"email","providers":["email"]}'::jsonb,
       '{}'::jsonb,
       NULL::boolean,
       now(),
       now(),
       NULL::text,
       NULL::timestamptz,
       '',
       '',
       NULL::timestamptz,
       '',
       0::smallint,
       NULL::timestamptz,
       '',
       NULL::timestamptz,
       false::boolean
    );INSERT INTO auth.users (
instance_id,
  id,
  aud,
  role,
  email,
  encrypted_password,
  email_confirmed_at,
  invited_at,
  confirmation_token,
  confirmation_sent_at,
  recovery_token,
  recovery_sent_at,
  email_change_token_new,
  email_change,
  email_change_sent_at,
  last_sign_in_at,
  raw_app_meta_data,
  raw_user_meta_data,
  is_super_admin,
  created_at,
  updated_at,
  phone,
  phone_confirmed_at,
  phone_change,
  phone_change_token,
  phone_change_sent_at,
  email_change_token_current,
  email_change_confirm_status,
  banned_until,
  reauthentication_token,
  reauthentication_sent_at,
  is_sso_user
) VALUES (
       '00000000-0000-0000-0000-000000000000'::uuid,
       'e9bd4a3c-3768-5cbf-aff5-448f7bc460f5'::uuid,
       'authenticated',
       'authenticated',
       'vanik-demo-male-06@example.com',
       crypt('VanikDemo2026!'::text, gen_salt('bf'::text)),
       now(),
       NULL::timestamptz,
       '',
       now(),
       '',
       NULL::timestamptz,
       '',
       '',
       NULL::timestamptz,
       now(),
       '{"provider":"email","providers":["email"]}'::jsonb,
       '{}'::jsonb,
       NULL::boolean,
       now(),
       now(),
       NULL::text,
       NULL::timestamptz,
       '',
       '',
       NULL::timestamptz,
       '',
       0::smallint,
       NULL::timestamptz,
       '',
       NULL::timestamptz,
       false::boolean
    );INSERT INTO auth.users (
instance_id,
  id,
  aud,
  role,
  email,
  encrypted_password,
  email_confirmed_at,
  invited_at,
  confirmation_token,
  confirmation_sent_at,
  recovery_token,
  recovery_sent_at,
  email_change_token_new,
  email_change,
  email_change_sent_at,
  last_sign_in_at,
  raw_app_meta_data,
  raw_user_meta_data,
  is_super_admin,
  created_at,
  updated_at,
  phone,
  phone_confirmed_at,
  phone_change,
  phone_change_token,
  phone_change_sent_at,
  email_change_token_current,
  email_change_confirm_status,
  banned_until,
  reauthentication_token,
  reauthentication_sent_at,
  is_sso_user
) VALUES (
       '00000000-0000-0000-0000-000000000000'::uuid,
       'b8b79305-bfdf-52fa-a4cc-5b35749f430b'::uuid,
       'authenticated',
       'authenticated',
       'vanik-demo-male-07@example.com',
       crypt('VanikDemo2026!'::text, gen_salt('bf'::text)),
       now(),
       NULL::timestamptz,
       '',
       now(),
       '',
       NULL::timestamptz,
       '',
       '',
       NULL::timestamptz,
       now(),
       '{"provider":"email","providers":["email"]}'::jsonb,
       '{}'::jsonb,
       NULL::boolean,
       now(),
       now(),
       NULL::text,
       NULL::timestamptz,
       '',
       '',
       NULL::timestamptz,
       '',
       0::smallint,
       NULL::timestamptz,
       '',
       NULL::timestamptz,
       false::boolean
    );INSERT INTO auth.users (
instance_id,
  id,
  aud,
  role,
  email,
  encrypted_password,
  email_confirmed_at,
  invited_at,
  confirmation_token,
  confirmation_sent_at,
  recovery_token,
  recovery_sent_at,
  email_change_token_new,
  email_change,
  email_change_sent_at,
  last_sign_in_at,
  raw_app_meta_data,
  raw_user_meta_data,
  is_super_admin,
  created_at,
  updated_at,
  phone,
  phone_confirmed_at,
  phone_change,
  phone_change_token,
  phone_change_sent_at,
  email_change_token_current,
  email_change_confirm_status,
  banned_until,
  reauthentication_token,
  reauthentication_sent_at,
  is_sso_user
) VALUES (
       '00000000-0000-0000-0000-000000000000'::uuid,
       '8f98016d-38d5-5744-ab03-38b962676741'::uuid,
       'authenticated',
       'authenticated',
       'vanik-demo-male-08@example.com',
       crypt('VanikDemo2026!'::text, gen_salt('bf'::text)),
       now(),
       NULL::timestamptz,
       '',
       now(),
       '',
       NULL::timestamptz,
       '',
       '',
       NULL::timestamptz,
       now(),
       '{"provider":"email","providers":["email"]}'::jsonb,
       '{}'::jsonb,
       NULL::boolean,
       now(),
       now(),
       NULL::text,
       NULL::timestamptz,
       '',
       '',
       NULL::timestamptz,
       '',
       0::smallint,
       NULL::timestamptz,
       '',
       NULL::timestamptz,
       false::boolean
    );INSERT INTO auth.users (
instance_id,
  id,
  aud,
  role,
  email,
  encrypted_password,
  email_confirmed_at,
  invited_at,
  confirmation_token,
  confirmation_sent_at,
  recovery_token,
  recovery_sent_at,
  email_change_token_new,
  email_change,
  email_change_sent_at,
  last_sign_in_at,
  raw_app_meta_data,
  raw_user_meta_data,
  is_super_admin,
  created_at,
  updated_at,
  phone,
  phone_confirmed_at,
  phone_change,
  phone_change_token,
  phone_change_sent_at,
  email_change_token_current,
  email_change_confirm_status,
  banned_until,
  reauthentication_token,
  reauthentication_sent_at,
  is_sso_user
) VALUES (
       '00000000-0000-0000-0000-000000000000'::uuid,
       '547eb95f-8e1f-5d9b-b55e-08b9fbc70127'::uuid,
       'authenticated',
       'authenticated',
       'vanik-demo-male-09@example.com',
       crypt('VanikDemo2026!'::text, gen_salt('bf'::text)),
       now(),
       NULL::timestamptz,
       '',
       now(),
       '',
       NULL::timestamptz,
       '',
       '',
       NULL::timestamptz,
       now(),
       '{"provider":"email","providers":["email"]}'::jsonb,
       '{}'::jsonb,
       NULL::boolean,
       now(),
       now(),
       NULL::text,
       NULL::timestamptz,
       '',
       '',
       NULL::timestamptz,
       '',
       0::smallint,
       NULL::timestamptz,
       '',
       NULL::timestamptz,
       false::boolean
    );INSERT INTO auth.users (
instance_id,
  id,
  aud,
  role,
  email,
  encrypted_password,
  email_confirmed_at,
  invited_at,
  confirmation_token,
  confirmation_sent_at,
  recovery_token,
  recovery_sent_at,
  email_change_token_new,
  email_change,
  email_change_sent_at,
  last_sign_in_at,
  raw_app_meta_data,
  raw_user_meta_data,
  is_super_admin,
  created_at,
  updated_at,
  phone,
  phone_confirmed_at,
  phone_change,
  phone_change_token,
  phone_change_sent_at,
  email_change_token_current,
  email_change_confirm_status,
  banned_until,
  reauthentication_token,
  reauthentication_sent_at,
  is_sso_user
) VALUES (
       '00000000-0000-0000-0000-000000000000'::uuid,
       '416eed35-0626-5474-9b3d-18b34b8ccbb3'::uuid,
       'authenticated',
       'authenticated',
       'vanik-demo-male-10@example.com',
       crypt('VanikDemo2026!'::text, gen_salt('bf'::text)),
       now(),
       NULL::timestamptz,
       '',
       now(),
       '',
       NULL::timestamptz,
       '',
       '',
       NULL::timestamptz,
       now(),
       '{"provider":"email","providers":["email"]}'::jsonb,
       '{}'::jsonb,
       NULL::boolean,
       now(),
       now(),
       NULL::text,
       NULL::timestamptz,
       '',
       '',
       NULL::timestamptz,
       '',
       0::smallint,
       NULL::timestamptz,
       '',
       NULL::timestamptz,
       false::boolean
    );INSERT INTO auth.users (
instance_id,
  id,
  aud,
  role,
  email,
  encrypted_password,
  email_confirmed_at,
  invited_at,
  confirmation_token,
  confirmation_sent_at,
  recovery_token,
  recovery_sent_at,
  email_change_token_new,
  email_change,
  email_change_sent_at,
  last_sign_in_at,
  raw_app_meta_data,
  raw_user_meta_data,
  is_super_admin,
  created_at,
  updated_at,
  phone,
  phone_confirmed_at,
  phone_change,
  phone_change_token,
  phone_change_sent_at,
  email_change_token_current,
  email_change_confirm_status,
  banned_until,
  reauthentication_token,
  reauthentication_sent_at,
  is_sso_user
) VALUES (
       '00000000-0000-0000-0000-000000000000'::uuid,
       '10173035-97d0-5b7b-bba8-7a25750d719d'::uuid,
       'authenticated',
       'authenticated',
       'vanik-demo-female-01@example.com',
       crypt('VanikDemo2026!'::text, gen_salt('bf'::text)),
       now(),
       NULL::timestamptz,
       '',
       now(),
       '',
       NULL::timestamptz,
       '',
       '',
       NULL::timestamptz,
       now(),
       '{"provider":"email","providers":["email"]}'::jsonb,
       '{}'::jsonb,
       NULL::boolean,
       now(),
       now(),
       NULL::text,
       NULL::timestamptz,
       '',
       '',
       NULL::timestamptz,
       '',
       0::smallint,
       NULL::timestamptz,
       '',
       NULL::timestamptz,
       false::boolean
    );INSERT INTO auth.users (
instance_id,
  id,
  aud,
  role,
  email,
  encrypted_password,
  email_confirmed_at,
  invited_at,
  confirmation_token,
  confirmation_sent_at,
  recovery_token,
  recovery_sent_at,
  email_change_token_new,
  email_change,
  email_change_sent_at,
  last_sign_in_at,
  raw_app_meta_data,
  raw_user_meta_data,
  is_super_admin,
  created_at,
  updated_at,
  phone,
  phone_confirmed_at,
  phone_change,
  phone_change_token,
  phone_change_sent_at,
  email_change_token_current,
  email_change_confirm_status,
  banned_until,
  reauthentication_token,
  reauthentication_sent_at,
  is_sso_user
) VALUES (
       '00000000-0000-0000-0000-000000000000'::uuid,
       '631376de-0f95-574d-a377-0a6037aa0ba4'::uuid,
       'authenticated',
       'authenticated',
       'vanik-demo-female-02@example.com',
       crypt('VanikDemo2026!'::text, gen_salt('bf'::text)),
       now(),
       NULL::timestamptz,
       '',
       now(),
       '',
       NULL::timestamptz,
       '',
       '',
       NULL::timestamptz,
       now(),
       '{"provider":"email","providers":["email"]}'::jsonb,
       '{}'::jsonb,
       NULL::boolean,
       now(),
       now(),
       NULL::text,
       NULL::timestamptz,
       '',
       '',
       NULL::timestamptz,
       '',
       0::smallint,
       NULL::timestamptz,
       '',
       NULL::timestamptz,
       false::boolean
    );INSERT INTO auth.users (
instance_id,
  id,
  aud,
  role,
  email,
  encrypted_password,
  email_confirmed_at,
  invited_at,
  confirmation_token,
  confirmation_sent_at,
  recovery_token,
  recovery_sent_at,
  email_change_token_new,
  email_change,
  email_change_sent_at,
  last_sign_in_at,
  raw_app_meta_data,
  raw_user_meta_data,
  is_super_admin,
  created_at,
  updated_at,
  phone,
  phone_confirmed_at,
  phone_change,
  phone_change_token,
  phone_change_sent_at,
  email_change_token_current,
  email_change_confirm_status,
  banned_until,
  reauthentication_token,
  reauthentication_sent_at,
  is_sso_user
) VALUES (
       '00000000-0000-0000-0000-000000000000'::uuid,
       '2ea2feac-1904-5574-856d-7aeb47b76204'::uuid,
       'authenticated',
       'authenticated',
       'vanik-demo-female-03@example.com',
       crypt('VanikDemo2026!'::text, gen_salt('bf'::text)),
       now(),
       NULL::timestamptz,
       '',
       now(),
       '',
       NULL::timestamptz,
       '',
       '',
       NULL::timestamptz,
       now(),
       '{"provider":"email","providers":["email"]}'::jsonb,
       '{}'::jsonb,
       NULL::boolean,
       now(),
       now(),
       NULL::text,
       NULL::timestamptz,
       '',
       '',
       NULL::timestamptz,
       '',
       0::smallint,
       NULL::timestamptz,
       '',
       NULL::timestamptz,
       false::boolean
    );INSERT INTO auth.users (
instance_id,
  id,
  aud,
  role,
  email,
  encrypted_password,
  email_confirmed_at,
  invited_at,
  confirmation_token,
  confirmation_sent_at,
  recovery_token,
  recovery_sent_at,
  email_change_token_new,
  email_change,
  email_change_sent_at,
  last_sign_in_at,
  raw_app_meta_data,
  raw_user_meta_data,
  is_super_admin,
  created_at,
  updated_at,
  phone,
  phone_confirmed_at,
  phone_change,
  phone_change_token,
  phone_change_sent_at,
  email_change_token_current,
  email_change_confirm_status,
  banned_until,
  reauthentication_token,
  reauthentication_sent_at,
  is_sso_user
) VALUES (
       '00000000-0000-0000-0000-000000000000'::uuid,
       '876a14a3-c453-5b05-823e-a0df51c09746'::uuid,
       'authenticated',
       'authenticated',
       'vanik-demo-female-04@example.com',
       crypt('VanikDemo2026!'::text, gen_salt('bf'::text)),
       now(),
       NULL::timestamptz,
       '',
       now(),
       '',
       NULL::timestamptz,
       '',
       '',
       NULL::timestamptz,
       now(),
       '{"provider":"email","providers":["email"]}'::jsonb,
       '{}'::jsonb,
       NULL::boolean,
       now(),
       now(),
       NULL::text,
       NULL::timestamptz,
       '',
       '',
       NULL::timestamptz,
       '',
       0::smallint,
       NULL::timestamptz,
       '',
       NULL::timestamptz,
       false::boolean
    );INSERT INTO auth.users (
instance_id,
  id,
  aud,
  role,
  email,
  encrypted_password,
  email_confirmed_at,
  invited_at,
  confirmation_token,
  confirmation_sent_at,
  recovery_token,
  recovery_sent_at,
  email_change_token_new,
  email_change,
  email_change_sent_at,
  last_sign_in_at,
  raw_app_meta_data,
  raw_user_meta_data,
  is_super_admin,
  created_at,
  updated_at,
  phone,
  phone_confirmed_at,
  phone_change,
  phone_change_token,
  phone_change_sent_at,
  email_change_token_current,
  email_change_confirm_status,
  banned_until,
  reauthentication_token,
  reauthentication_sent_at,
  is_sso_user
) VALUES (
       '00000000-0000-0000-0000-000000000000'::uuid,
       '9d39406e-0932-5ea6-a373-4693026cfc05'::uuid,
       'authenticated',
       'authenticated',
       'vanik-demo-female-05@example.com',
       crypt('VanikDemo2026!'::text, gen_salt('bf'::text)),
       now(),
       NULL::timestamptz,
       '',
       now(),
       '',
       NULL::timestamptz,
       '',
       '',
       NULL::timestamptz,
       now(),
       '{"provider":"email","providers":["email"]}'::jsonb,
       '{}'::jsonb,
       NULL::boolean,
       now(),
       now(),
       NULL::text,
       NULL::timestamptz,
       '',
       '',
       NULL::timestamptz,
       '',
       0::smallint,
       NULL::timestamptz,
       '',
       NULL::timestamptz,
       false::boolean
    );INSERT INTO auth.users (
instance_id,
  id,
  aud,
  role,
  email,
  encrypted_password,
  email_confirmed_at,
  invited_at,
  confirmation_token,
  confirmation_sent_at,
  recovery_token,
  recovery_sent_at,
  email_change_token_new,
  email_change,
  email_change_sent_at,
  last_sign_in_at,
  raw_app_meta_data,
  raw_user_meta_data,
  is_super_admin,
  created_at,
  updated_at,
  phone,
  phone_confirmed_at,
  phone_change,
  phone_change_token,
  phone_change_sent_at,
  email_change_token_current,
  email_change_confirm_status,
  banned_until,
  reauthentication_token,
  reauthentication_sent_at,
  is_sso_user
) VALUES (
       '00000000-0000-0000-0000-000000000000'::uuid,
       'c312569b-17c4-5750-bb6b-a7c8cb90f603'::uuid,
       'authenticated',
       'authenticated',
       'vanik-demo-female-06@example.com',
       crypt('VanikDemo2026!'::text, gen_salt('bf'::text)),
       now(),
       NULL::timestamptz,
       '',
       now(),
       '',
       NULL::timestamptz,
       '',
       '',
       NULL::timestamptz,
       now(),
       '{"provider":"email","providers":["email"]}'::jsonb,
       '{}'::jsonb,
       NULL::boolean,
       now(),
       now(),
       NULL::text,
       NULL::timestamptz,
       '',
       '',
       NULL::timestamptz,
       '',
       0::smallint,
       NULL::timestamptz,
       '',
       NULL::timestamptz,
       false::boolean
    );INSERT INTO auth.users (
instance_id,
  id,
  aud,
  role,
  email,
  encrypted_password,
  email_confirmed_at,
  invited_at,
  confirmation_token,
  confirmation_sent_at,
  recovery_token,
  recovery_sent_at,
  email_change_token_new,
  email_change,
  email_change_sent_at,
  last_sign_in_at,
  raw_app_meta_data,
  raw_user_meta_data,
  is_super_admin,
  created_at,
  updated_at,
  phone,
  phone_confirmed_at,
  phone_change,
  phone_change_token,
  phone_change_sent_at,
  email_change_token_current,
  email_change_confirm_status,
  banned_until,
  reauthentication_token,
  reauthentication_sent_at,
  is_sso_user
) VALUES (
       '00000000-0000-0000-0000-000000000000'::uuid,
       '970f3045-17f2-5836-81fc-469efcf0f706'::uuid,
       'authenticated',
       'authenticated',
       'vanik-demo-female-07@example.com',
       crypt('VanikDemo2026!'::text, gen_salt('bf'::text)),
       now(),
       NULL::timestamptz,
       '',
       now(),
       '',
       NULL::timestamptz,
       '',
       '',
       NULL::timestamptz,
       now(),
       '{"provider":"email","providers":["email"]}'::jsonb,
       '{}'::jsonb,
       NULL::boolean,
       now(),
       now(),
       NULL::text,
       NULL::timestamptz,
       '',
       '',
       NULL::timestamptz,
       '',
       0::smallint,
       NULL::timestamptz,
       '',
       NULL::timestamptz,
       false::boolean
    );INSERT INTO auth.users (
instance_id,
  id,
  aud,
  role,
  email,
  encrypted_password,
  email_confirmed_at,
  invited_at,
  confirmation_token,
  confirmation_sent_at,
  recovery_token,
  recovery_sent_at,
  email_change_token_new,
  email_change,
  email_change_sent_at,
  last_sign_in_at,
  raw_app_meta_data,
  raw_user_meta_data,
  is_super_admin,
  created_at,
  updated_at,
  phone,
  phone_confirmed_at,
  phone_change,
  phone_change_token,
  phone_change_sent_at,
  email_change_token_current,
  email_change_confirm_status,
  banned_until,
  reauthentication_token,
  reauthentication_sent_at,
  is_sso_user
) VALUES (
       '00000000-0000-0000-0000-000000000000'::uuid,
       '8299c761-f002-52b8-b255-5069e643df8e'::uuid,
       'authenticated',
       'authenticated',
       'vanik-demo-female-08@example.com',
       crypt('VanikDemo2026!'::text, gen_salt('bf'::text)),
       now(),
       NULL::timestamptz,
       '',
       now(),
       '',
       NULL::timestamptz,
       '',
       '',
       NULL::timestamptz,
       now(),
       '{"provider":"email","providers":["email"]}'::jsonb,
       '{}'::jsonb,
       NULL::boolean,
       now(),
       now(),
       NULL::text,
       NULL::timestamptz,
       '',
       '',
       NULL::timestamptz,
       '',
       0::smallint,
       NULL::timestamptz,
       '',
       NULL::timestamptz,
       false::boolean
    );INSERT INTO auth.users (
instance_id,
  id,
  aud,
  role,
  email,
  encrypted_password,
  email_confirmed_at,
  invited_at,
  confirmation_token,
  confirmation_sent_at,
  recovery_token,
  recovery_sent_at,
  email_change_token_new,
  email_change,
  email_change_sent_at,
  last_sign_in_at,
  raw_app_meta_data,
  raw_user_meta_data,
  is_super_admin,
  created_at,
  updated_at,
  phone,
  phone_confirmed_at,
  phone_change,
  phone_change_token,
  phone_change_sent_at,
  email_change_token_current,
  email_change_confirm_status,
  banned_until,
  reauthentication_token,
  reauthentication_sent_at,
  is_sso_user
) VALUES (
       '00000000-0000-0000-0000-000000000000'::uuid,
       '25c4c6b9-509e-5b38-9bac-5ce57303aabf'::uuid,
       'authenticated',
       'authenticated',
       'vanik-demo-female-09@example.com',
       crypt('VanikDemo2026!'::text, gen_salt('bf'::text)),
       now(),
       NULL::timestamptz,
       '',
       now(),
       '',
       NULL::timestamptz,
       '',
       '',
       NULL::timestamptz,
       now(),
       '{"provider":"email","providers":["email"]}'::jsonb,
       '{}'::jsonb,
       NULL::boolean,
       now(),
       now(),
       NULL::text,
       NULL::timestamptz,
       '',
       '',
       NULL::timestamptz,
       '',
       0::smallint,
       NULL::timestamptz,
       '',
       NULL::timestamptz,
       false::boolean
    );INSERT INTO auth.users (
instance_id,
  id,
  aud,
  role,
  email,
  encrypted_password,
  email_confirmed_at,
  invited_at,
  confirmation_token,
  confirmation_sent_at,
  recovery_token,
  recovery_sent_at,
  email_change_token_new,
  email_change,
  email_change_sent_at,
  last_sign_in_at,
  raw_app_meta_data,
  raw_user_meta_data,
  is_super_admin,
  created_at,
  updated_at,
  phone,
  phone_confirmed_at,
  phone_change,
  phone_change_token,
  phone_change_sent_at,
  email_change_token_current,
  email_change_confirm_status,
  banned_until,
  reauthentication_token,
  reauthentication_sent_at,
  is_sso_user
) VALUES (
       '00000000-0000-0000-0000-000000000000'::uuid,
       '661711bb-9696-5095-8340-4154fabe23f0'::uuid,
       'authenticated',
       'authenticated',
       'vanik-demo-female-10@example.com',
       crypt('VanikDemo2026!'::text, gen_salt('bf'::text)),
       now(),
       NULL::timestamptz,
       '',
       now(),
       '',
       NULL::timestamptz,
       '',
       '',
       NULL::timestamptz,
       now(),
       '{"provider":"email","providers":["email"]}'::jsonb,
       '{}'::jsonb,
       NULL::boolean,
       now(),
       now(),
       NULL::text,
       NULL::timestamptz,
       '',
       '',
       NULL::timestamptz,
       '',
       0::smallint,
       NULL::timestamptz,
       '',
       NULL::timestamptz,
       false::boolean
    );INSERT INTO auth.identities (
provider_id,
  user_id,
  identity_data,
  provider,
  last_sign_in_at,
  created_at,
  updated_at
) VALUES (
       '3f112d18-0c06-5560-897a-314369339080'::uuid,
       '3f112d18-0c06-5560-897a-314369339080'::uuid,
       '{"sub":"3f112d18-0c06-5560-897a-314369339080","email":"vanik-demo-male-01@example.com","email_verified":true}'::jsonb,
       'email',
       now(),
       now(),
       now()
    );INSERT INTO auth.identities (
provider_id,
  user_id,
  identity_data,
  provider,
  last_sign_in_at,
  created_at,
  updated_at
) VALUES (
       'bf38c86a-d36b-52bd-8f07-3cdf83fec4ba'::uuid,
       'bf38c86a-d36b-52bd-8f07-3cdf83fec4ba'::uuid,
       '{"sub":"bf38c86a-d36b-52bd-8f07-3cdf83fec4ba","email":"vanik-demo-male-02@example.com","email_verified":true}'::jsonb,
       'email',
       now(),
       now(),
       now()
    );INSERT INTO auth.identities (
provider_id,
  user_id,
  identity_data,
  provider,
  last_sign_in_at,
  created_at,
  updated_at
) VALUES (
       '1f520617-bb29-5c5f-8cda-0092a94da449'::uuid,
       '1f520617-bb29-5c5f-8cda-0092a94da449'::uuid,
       '{"sub":"1f520617-bb29-5c5f-8cda-0092a94da449","email":"vanik-demo-male-03@example.com","email_verified":true}'::jsonb,
       'email',
       now(),
       now(),
       now()
    );INSERT INTO auth.identities (
provider_id,
  user_id,
  identity_data,
  provider,
  last_sign_in_at,
  created_at,
  updated_at
) VALUES (
       'ce8e5234-c933-5be7-9a1a-917e94413dde'::uuid,
       'ce8e5234-c933-5be7-9a1a-917e94413dde'::uuid,
       '{"sub":"ce8e5234-c933-5be7-9a1a-917e94413dde","email":"vanik-demo-male-04@example.com","email_verified":true}'::jsonb,
       'email',
       now(),
       now(),
       now()
    );INSERT INTO auth.identities (
provider_id,
  user_id,
  identity_data,
  provider,
  last_sign_in_at,
  created_at,
  updated_at
) VALUES (
       '9d8da1ca-8804-5804-b8f0-52a8c1f13243'::uuid,
       '9d8da1ca-8804-5804-b8f0-52a8c1f13243'::uuid,
       '{"sub":"9d8da1ca-8804-5804-b8f0-52a8c1f13243","email":"vanik-demo-male-05@example.com","email_verified":true}'::jsonb,
       'email',
       now(),
       now(),
       now()
    );INSERT INTO auth.identities (
provider_id,
  user_id,
  identity_data,
  provider,
  last_sign_in_at,
  created_at,
  updated_at
) VALUES (
       'e9bd4a3c-3768-5cbf-aff5-448f7bc460f5'::uuid,
       'e9bd4a3c-3768-5cbf-aff5-448f7bc460f5'::uuid,
       '{"sub":"e9bd4a3c-3768-5cbf-aff5-448f7bc460f5","email":"vanik-demo-male-06@example.com","email_verified":true}'::jsonb,
       'email',
       now(),
       now(),
       now()
    );INSERT INTO auth.identities (
provider_id,
  user_id,
  identity_data,
  provider,
  last_sign_in_at,
  created_at,
  updated_at
) VALUES (
       'b8b79305-bfdf-52fa-a4cc-5b35749f430b'::uuid,
       'b8b79305-bfdf-52fa-a4cc-5b35749f430b'::uuid,
       '{"sub":"b8b79305-bfdf-52fa-a4cc-5b35749f430b","email":"vanik-demo-male-07@example.com","email_verified":true}'::jsonb,
       'email',
       now(),
       now(),
       now()
    );INSERT INTO auth.identities (
provider_id,
  user_id,
  identity_data,
  provider,
  last_sign_in_at,
  created_at,
  updated_at
) VALUES (
       '8f98016d-38d5-5744-ab03-38b962676741'::uuid,
       '8f98016d-38d5-5744-ab03-38b962676741'::uuid,
       '{"sub":"8f98016d-38d5-5744-ab03-38b962676741","email":"vanik-demo-male-08@example.com","email_verified":true}'::jsonb,
       'email',
       now(),
       now(),
       now()
    );INSERT INTO auth.identities (
provider_id,
  user_id,
  identity_data,
  provider,
  last_sign_in_at,
  created_at,
  updated_at
) VALUES (
       '547eb95f-8e1f-5d9b-b55e-08b9fbc70127'::uuid,
       '547eb95f-8e1f-5d9b-b55e-08b9fbc70127'::uuid,
       '{"sub":"547eb95f-8e1f-5d9b-b55e-08b9fbc70127","email":"vanik-demo-male-09@example.com","email_verified":true}'::jsonb,
       'email',
       now(),
       now(),
       now()
    );INSERT INTO auth.identities (
provider_id,
  user_id,
  identity_data,
  provider,
  last_sign_in_at,
  created_at,
  updated_at
) VALUES (
       '416eed35-0626-5474-9b3d-18b34b8ccbb3'::uuid,
       '416eed35-0626-5474-9b3d-18b34b8ccbb3'::uuid,
       '{"sub":"416eed35-0626-5474-9b3d-18b34b8ccbb3","email":"vanik-demo-male-10@example.com","email_verified":true}'::jsonb,
       'email',
       now(),
       now(),
       now()
    );INSERT INTO auth.identities (
provider_id,
  user_id,
  identity_data,
  provider,
  last_sign_in_at,
  created_at,
  updated_at
) VALUES (
       '10173035-97d0-5b7b-bba8-7a25750d719d'::uuid,
       '10173035-97d0-5b7b-bba8-7a25750d719d'::uuid,
       '{"sub":"10173035-97d0-5b7b-bba8-7a25750d719d","email":"vanik-demo-female-01@example.com","email_verified":true}'::jsonb,
       'email',
       now(),
       now(),
       now()
    );INSERT INTO auth.identities (
provider_id,
  user_id,
  identity_data,
  provider,
  last_sign_in_at,
  created_at,
  updated_at
) VALUES (
       '631376de-0f95-574d-a377-0a6037aa0ba4'::uuid,
       '631376de-0f95-574d-a377-0a6037aa0ba4'::uuid,
       '{"sub":"631376de-0f95-574d-a377-0a6037aa0ba4","email":"vanik-demo-female-02@example.com","email_verified":true}'::jsonb,
       'email',
       now(),
       now(),
       now()
    );INSERT INTO auth.identities (
provider_id,
  user_id,
  identity_data,
  provider,
  last_sign_in_at,
  created_at,
  updated_at
) VALUES (
       '2ea2feac-1904-5574-856d-7aeb47b76204'::uuid,
       '2ea2feac-1904-5574-856d-7aeb47b76204'::uuid,
       '{"sub":"2ea2feac-1904-5574-856d-7aeb47b76204","email":"vanik-demo-female-03@example.com","email_verified":true}'::jsonb,
       'email',
       now(),
       now(),
       now()
    );INSERT INTO auth.identities (
provider_id,
  user_id,
  identity_data,
  provider,
  last_sign_in_at,
  created_at,
  updated_at
) VALUES (
       '876a14a3-c453-5b05-823e-a0df51c09746'::uuid,
       '876a14a3-c453-5b05-823e-a0df51c09746'::uuid,
       '{"sub":"876a14a3-c453-5b05-823e-a0df51c09746","email":"vanik-demo-female-04@example.com","email_verified":true}'::jsonb,
       'email',
       now(),
       now(),
       now()
    );INSERT INTO auth.identities (
provider_id,
  user_id,
  identity_data,
  provider,
  last_sign_in_at,
  created_at,
  updated_at
) VALUES (
       '9d39406e-0932-5ea6-a373-4693026cfc05'::uuid,
       '9d39406e-0932-5ea6-a373-4693026cfc05'::uuid,
       '{"sub":"9d39406e-0932-5ea6-a373-4693026cfc05","email":"vanik-demo-female-05@example.com","email_verified":true}'::jsonb,
       'email',
       now(),
       now(),
       now()
    );INSERT INTO auth.identities (
provider_id,
  user_id,
  identity_data,
  provider,
  last_sign_in_at,
  created_at,
  updated_at
) VALUES (
       'c312569b-17c4-5750-bb6b-a7c8cb90f603'::uuid,
       'c312569b-17c4-5750-bb6b-a7c8cb90f603'::uuid,
       '{"sub":"c312569b-17c4-5750-bb6b-a7c8cb90f603","email":"vanik-demo-female-06@example.com","email_verified":true}'::jsonb,
       'email',
       now(),
       now(),
       now()
    );INSERT INTO auth.identities (
provider_id,
  user_id,
  identity_data,
  provider,
  last_sign_in_at,
  created_at,
  updated_at
) VALUES (
       '970f3045-17f2-5836-81fc-469efcf0f706'::uuid,
       '970f3045-17f2-5836-81fc-469efcf0f706'::uuid,
       '{"sub":"970f3045-17f2-5836-81fc-469efcf0f706","email":"vanik-demo-female-07@example.com","email_verified":true}'::jsonb,
       'email',
       now(),
       now(),
       now()
    );INSERT INTO auth.identities (
provider_id,
  user_id,
  identity_data,
  provider,
  last_sign_in_at,
  created_at,
  updated_at
) VALUES (
       '8299c761-f002-52b8-b255-5069e643df8e'::uuid,
       '8299c761-f002-52b8-b255-5069e643df8e'::uuid,
       '{"sub":"8299c761-f002-52b8-b255-5069e643df8e","email":"vanik-demo-female-08@example.com","email_verified":true}'::jsonb,
       'email',
       now(),
       now(),
       now()
    );INSERT INTO auth.identities (
provider_id,
  user_id,
  identity_data,
  provider,
  last_sign_in_at,
  created_at,
  updated_at
) VALUES (
       '25c4c6b9-509e-5b38-9bac-5ce57303aabf'::uuid,
       '25c4c6b9-509e-5b38-9bac-5ce57303aabf'::uuid,
       '{"sub":"25c4c6b9-509e-5b38-9bac-5ce57303aabf","email":"vanik-demo-female-09@example.com","email_verified":true}'::jsonb,
       'email',
       now(),
       now(),
       now()
    );INSERT INTO auth.identities (
provider_id,
  user_id,
  identity_data,
  provider,
  last_sign_in_at,
  created_at,
  updated_at
) VALUES (
       '661711bb-9696-5095-8340-4154fabe23f0'::uuid,
       '661711bb-9696-5095-8340-4154fabe23f0'::uuid,
       '{"sub":"661711bb-9696-5095-8340-4154fabe23f0","email":"vanik-demo-female-10@example.com","email_verified":true}'::jsonb,
       'email',
       now(),
       now(),
       now()
    );INSERT INTO public.profiles (
  id,
  auth_user_id,
  first_name,
  gender,
  seeking_gender,
  status,
  diet,
  religion,
  community,
  nationality,
  place_of_birth,
  town_country_of_origin,
  education,
  job_title,
  height_cm,
  future_settlement_plans,
  hobbies,
  photo_status,
  show_on_register,
  membership_expires_at,
  browse_paused
) VALUES (
       '3f112d18-0c06-5560-897a-314369339080'::uuid,
       '3f112d18-0c06-5560-897a-314369339080'::uuid,
       'Arjun'::text,
       'Male'::text,
       'Female'::text,
       'active'::text,
       'Veg'::text,
       'Hindu'::text,
       NULL::text,
       'British'::text,
       'London'::text,
       'UK'::text,
       'MSc Computer Science'::text,
       'Software engineer'::text,
       172::int,
       'Flexible within the UK.'::text,
       'Travel, reading, family gatherings, fitness.'::text,
       'approved'::text,
       true,
       now() + interval '3 years',
       false::boolean
    );INSERT INTO public.profiles (
  id,
  auth_user_id,
  first_name,
  gender,
  seeking_gender,
  status,
  diet,
  religion,
  community,
  nationality,
  place_of_birth,
  town_country_of_origin,
  education,
  job_title,
  height_cm,
  future_settlement_plans,
  hobbies,
  photo_status,
  show_on_register,
  membership_expires_at,
  browse_paused
) VALUES (
       'bf38c86a-d36b-52bd-8f07-3cdf83fec4ba'::uuid,
       'bf38c86a-d36b-52bd-8f07-3cdf83fec4ba'::uuid,
       'Rohan'::text,
       'Male'::text,
       'Female'::text,
       'active'::text,
       'Vegan'::text,
       'Hindu'::text,
       NULL::text,
       'British'::text,
       'London'::text,
       'UK'::text,
       'MBA'::text,
       'Project manager'::text,
       173::int,
       'Flexible within the UK.'::text,
       'Travel, reading, family gatherings, fitness.'::text,
       'approved'::text,
       true,
       now() + interval '3 years',
       false::boolean
    );INSERT INTO public.profiles (
  id,
  auth_user_id,
  first_name,
  gender,
  seeking_gender,
  status,
  diet,
  religion,
  community,
  nationality,
  place_of_birth,
  town_country_of_origin,
  education,
  job_title,
  height_cm,
  future_settlement_plans,
  hobbies,
  photo_status,
  show_on_register,
  membership_expires_at,
  browse_paused
) VALUES (
       '1f520617-bb29-5c5f-8cda-0092a94da449'::uuid,
       '1f520617-bb29-5c5f-8cda-0092a94da449'::uuid,
       'Kiran'::text,
       'Male'::text,
       'Female'::text,
       'active'::text,
       'Non-veg'::text,
       'Hindu'::text,
       NULL::text,
       'British'::text,
       'London'::text,
       'UK'::text,
       'BEng Mechanical'::text,
       'Pharmacist'::text,
       174::int,
       'Flexible within the UK.'::text,
       'Travel, reading, family gatherings, fitness.'::text,
       'approved'::text,
       true,
       now() + interval '3 years',
       false::boolean
    );INSERT INTO public.profiles (
  id,
  auth_user_id,
  first_name,
  gender,
  seeking_gender,
  status,
  diet,
  religion,
  community,
  nationality,
  place_of_birth,
  town_country_of_origin,
  education,
  job_title,
  height_cm,
  future_settlement_plans,
  hobbies,
  photo_status,
  show_on_register,
  membership_expires_at,
  browse_paused
) VALUES (
       'ce8e5234-c933-5be7-9a1a-917e94413dde'::uuid,
       'ce8e5234-c933-5be7-9a1a-917e94413dde'::uuid,
       'Dev'::text,
       'Male'::text,
       'Female'::text,
       'active'::text,
       'Veg'::text,
       'Hindu'::text,
       NULL::text,
       'British'::text,
       'London'::text,
       'UK'::text,
       'LLB'::text,
       'Solicitor'::text,
       175::int,
       'Flexible within the UK.'::text,
       'Travel, reading, family gatherings, fitness.'::text,
       'approved'::text,
       true,
       now() + interval '3 years',
       false::boolean
    );INSERT INTO public.profiles (
  id,
  auth_user_id,
  first_name,
  gender,
  seeking_gender,
  status,
  diet,
  religion,
  community,
  nationality,
  place_of_birth,
  town_country_of_origin,
  education,
  job_title,
  height_cm,
  future_settlement_plans,
  hobbies,
  photo_status,
  show_on_register,
  membership_expires_at,
  browse_paused
) VALUES (
       '9d8da1ca-8804-5804-b8f0-52a8c1f13243'::uuid,
       '9d8da1ca-8804-5804-b8f0-52a8c1f13243'::uuid,
       'Raj'::text,
       'Male'::text,
       'Female'::text,
       'active'::text,
       'Vegan'::text,
       'Hindu'::text,
       NULL::text,
       'British'::text,
       'London'::text,
       'UK'::text,
       'BSc Economics'::text,
       'Chartered accountant'::text,
       176::int,
       'Flexible within the UK.'::text,
       'Travel, reading, family gatherings, fitness.'::text,
       'approved'::text,
       true,
       now() + interval '3 years',
       false::boolean
    );INSERT INTO public.profiles (
  id,
  auth_user_id,
  first_name,
  gender,
  seeking_gender,
  status,
  diet,
  religion,
  community,
  nationality,
  place_of_birth,
  town_country_of_origin,
  education,
  job_title,
  height_cm,
  future_settlement_plans,
  hobbies,
  photo_status,
  show_on_register,
  membership_expires_at,
  browse_paused
) VALUES (
       'e9bd4a3c-3768-5cbf-aff5-448f7bc460f5'::uuid,
       'e9bd4a3c-3768-5cbf-aff5-448f7bc460f5'::uuid,
       'Neil'::text,
       'Male'::text,
       'Female'::text,
       'active'::text,
       'Non-veg'::text,
       'Hindu'::text,
       NULL::text,
       'British'::text,
       'London'::text,
       'UK'::text,
       'Pharmacy degree'::text,
       'Dentist'::text,
       177::int,
       'Flexible within the UK.'::text,
       'Travel, reading, family gatherings, fitness.'::text,
       'approved'::text,
       true,
       now() + interval '3 years',
       false::boolean
    );INSERT INTO public.profiles (
  id,
  auth_user_id,
  first_name,
  gender,
  seeking_gender,
  status,
  diet,
  religion,
  community,
  nationality,
  place_of_birth,
  town_country_of_origin,
  education,
  job_title,
  height_cm,
  future_settlement_plans,
  hobbies,
  photo_status,
  show_on_register,
  membership_expires_at,
  browse_paused
) VALUES (
       'b8b79305-bfdf-52fa-a4cc-5b35749f430b'::uuid,
       'b8b79305-bfdf-52fa-a4cc-5b35749f430b'::uuid,
       'Aarav'::text,
       'Male'::text,
       'Female'::text,
       'active'::text,
       'Veg'::text,
       'Hindu'::text,
       NULL::text,
       'British'::text,
       'London'::text,
       'UK'::text,
       'Medicine (MBBS)'::text,
       'Civil engineer'::text,
       178::int,
       'Flexible within the UK.'::text,
       'Travel, reading, family gatherings, fitness.'::text,
       'approved'::text,
       true,
       now() + interval '3 years',
       false::boolean
    );INSERT INTO public.profiles (
  id,
  auth_user_id,
  first_name,
  gender,
  seeking_gender,
  status,
  diet,
  religion,
  community,
  nationality,
  place_of_birth,
  town_country_of_origin,
  education,
  job_title,
  height_cm,
  future_settlement_plans,
  hobbies,
  photo_status,
  show_on_register,
  membership_expires_at,
  browse_paused
) VALUES (
       '8f98016d-38d5-5744-ab03-38b962676741'::uuid,
       '8f98016d-38d5-5744-ab03-38b962676741'::uuid,
       'Karan'::text,
       'Male'::text,
       'Female'::text,
       'active'::text,
       'Vegan'::text,
       'Hindu'::text,
       NULL::text,
       'British'::text,
       'London'::text,
       'UK'::text,
       'Architecture BA'::text,
       'Marketing lead'::text,
       179::int,
       'Flexible within the UK.'::text,
       'Travel, reading, family gatherings, fitness.'::text,
       'approved'::text,
       true,
       now() + interval '3 years',
       false::boolean
    );INSERT INTO public.profiles (
  id,
  auth_user_id,
  first_name,
  gender,
  seeking_gender,
  status,
  diet,
  religion,
  community,
  nationality,
  place_of_birth,
  town_country_of_origin,
  education,
  job_title,
  height_cm,
  future_settlement_plans,
  hobbies,
  photo_status,
  show_on_register,
  membership_expires_at,
  browse_paused
) VALUES (
       '547eb95f-8e1f-5d9b-b55e-08b9fbc70127'::uuid,
       '547eb95f-8e1f-5d9b-b55e-08b9fbc70127'::uuid,
       'Amit'::text,
       'Male'::text,
       'Female'::text,
       'active'::text,
       'Non-veg'::text,
       'Hindu'::text,
       NULL::text,
       'British'::text,
       'London'::text,
       'UK'::text,
       'Accounting (ACCA)'::text,
       'GP trainee'::text,
       180::int,
       'Flexible within the UK.'::text,
       'Travel, reading, family gatherings, fitness.'::text,
       'approved'::text,
       true,
       now() + interval '3 years',
       false::boolean
    );INSERT INTO public.profiles (
  id,
  auth_user_id,
  first_name,
  gender,
  seeking_gender,
  status,
  diet,
  religion,
  community,
  nationality,
  place_of_birth,
  town_country_of_origin,
  education,
  job_title,
  height_cm,
  future_settlement_plans,
  hobbies,
  photo_status,
  show_on_register,
  membership_expires_at,
  browse_paused
) VALUES (
       '416eed35-0626-5474-9b3d-18b34b8ccbb3'::uuid,
       '416eed35-0626-5474-9b3d-18b34b8ccbb3'::uuid,
       'Jay'::text,
       'Male'::text,
       'Female'::text,
       'active'::text,
       'Veg'::text,
       'Hindu'::text,
       NULL::text,
       'British'::text,
       'London'::text,
       'UK'::text,
       'Dentistry BDS'::text,
       'Data analyst'::text,
       181::int,
       'Flexible within the UK.'::text,
       'Travel, reading, family gatherings, fitness.'::text,
       'approved'::text,
       true,
       now() + interval '3 years',
       false::boolean
    );INSERT INTO public.profiles (
  id,
  auth_user_id,
  first_name,
  gender,
  seeking_gender,
  status,
  diet,
  religion,
  community,
  nationality,
  place_of_birth,
  town_country_of_origin,
  education,
  job_title,
  height_cm,
  future_settlement_plans,
  hobbies,
  photo_status,
  show_on_register,
  membership_expires_at,
  browse_paused
) VALUES (
       '10173035-97d0-5b7b-bba8-7a25750d719d'::uuid,
       '10173035-97d0-5b7b-bba8-7a25750d719d'::uuid,
       'Priya'::text,
       'Female'::text,
       'Male'::text,
       'active'::text,
       'Veg'::text,
       'Hindu'::text,
       NULL::text,
       'British'::text,
       'London'::text,
       'UK'::text,
       'MSc Computer Science'::text,
       'Software engineer'::text,
       158::int,
       'Flexible within the UK.'::text,
       'Travel, reading, family gatherings, fitness.'::text,
       'approved'::text,
       true,
       now() + interval '3 years',
       false::boolean
    );INSERT INTO public.profiles (
  id,
  auth_user_id,
  first_name,
  gender,
  seeking_gender,
  status,
  diet,
  religion,
  community,
  nationality,
  place_of_birth,
  town_country_of_origin,
  education,
  job_title,
  height_cm,
  future_settlement_plans,
  hobbies,
  photo_status,
  show_on_register,
  membership_expires_at,
  browse_paused
) VALUES (
       '631376de-0f95-574d-a377-0a6037aa0ba4'::uuid,
       '631376de-0f95-574d-a377-0a6037aa0ba4'::uuid,
       'Ananya'::text,
       'Female'::text,
       'Male'::text,
       'active'::text,
       'Vegan'::text,
       'Hindu'::text,
       NULL::text,
       'British'::text,
       'London'::text,
       'UK'::text,
       'MBA'::text,
       'Project manager'::text,
       159::int,
       'Flexible within the UK.'::text,
       'Travel, reading, family gatherings, fitness.'::text,
       'approved'::text,
       true,
       now() + interval '3 years',
       false::boolean
    );INSERT INTO public.profiles (
  id,
  auth_user_id,
  first_name,
  gender,
  seeking_gender,
  status,
  diet,
  religion,
  community,
  nationality,
  place_of_birth,
  town_country_of_origin,
  education,
  job_title,
  height_cm,
  future_settlement_plans,
  hobbies,
  photo_status,
  show_on_register,
  membership_expires_at,
  browse_paused
) VALUES (
       '2ea2feac-1904-5574-856d-7aeb47b76204'::uuid,
       '2ea2feac-1904-5574-856d-7aeb47b76204'::uuid,
       'Kavya'::text,
       'Female'::text,
       'Male'::text,
       'active'::text,
       'Non-veg'::text,
       'Hindu'::text,
       NULL::text,
       'British'::text,
       'London'::text,
       'UK'::text,
       'BEng Mechanical'::text,
       'Pharmacist'::text,
       160::int,
       'Flexible within the UK.'::text,
       'Travel, reading, family gatherings, fitness.'::text,
       'approved'::text,
       true,
       now() + interval '3 years',
       false::boolean
    );INSERT INTO public.profiles (
  id,
  auth_user_id,
  first_name,
  gender,
  seeking_gender,
  status,
  diet,
  religion,
  community,
  nationality,
  place_of_birth,
  town_country_of_origin,
  education,
  job_title,
  height_cm,
  future_settlement_plans,
  hobbies,
  photo_status,
  show_on_register,
  membership_expires_at,
  browse_paused
) VALUES (
       '876a14a3-c453-5b05-823e-a0df51c09746'::uuid,
       '876a14a3-c453-5b05-823e-a0df51c09746'::uuid,
       'Diya'::text,
       'Female'::text,
       'Male'::text,
       'active'::text,
       'Veg'::text,
       'Hindu'::text,
       NULL::text,
       'British'::text,
       'London'::text,
       'UK'::text,
       'LLB'::text,
       'Solicitor'::text,
       161::int,
       'Flexible within the UK.'::text,
       'Travel, reading, family gatherings, fitness.'::text,
       'approved'::text,
       true,
       now() + interval '3 years',
       false::boolean
    );INSERT INTO public.profiles (
  id,
  auth_user_id,
  first_name,
  gender,
  seeking_gender,
  status,
  diet,
  religion,
  community,
  nationality,
  place_of_birth,
  town_country_of_origin,
  education,
  job_title,
  height_cm,
  future_settlement_plans,
  hobbies,
  photo_status,
  show_on_register,
  membership_expires_at,
  browse_paused
) VALUES (
       '9d39406e-0932-5ea6-a373-4693026cfc05'::uuid,
       '9d39406e-0932-5ea6-a373-4693026cfc05'::uuid,
       'Sara'::text,
       'Female'::text,
       'Male'::text,
       'active'::text,
       'Vegan'::text,
       'Hindu'::text,
       NULL::text,
       'British'::text,
       'London'::text,
       'UK'::text,
       'BSc Economics'::text,
       'Chartered accountant'::text,
       162::int,
       'Flexible within the UK.'::text,
       'Travel, reading, family gatherings, fitness.'::text,
       'approved'::text,
       true,
       now() + interval '3 years',
       false::boolean
    );INSERT INTO public.profiles (
  id,
  auth_user_id,
  first_name,
  gender,
  seeking_gender,
  status,
  diet,
  religion,
  community,
  nationality,
  place_of_birth,
  town_country_of_origin,
  education,
  job_title,
  height_cm,
  future_settlement_plans,
  hobbies,
  photo_status,
  show_on_register,
  membership_expires_at,
  browse_paused
) VALUES (
       'c312569b-17c4-5750-bb6b-a7c8cb90f603'::uuid,
       'c312569b-17c4-5750-bb6b-a7c8cb90f603'::uuid,
       'Meera'::text,
       'Female'::text,
       'Male'::text,
       'active'::text,
       'Non-veg'::text,
       'Hindu'::text,
       NULL::text,
       'British'::text,
       'London'::text,
       'UK'::text,
       'Pharmacy degree'::text,
       'Dentist'::text,
       163::int,
       'Flexible within the UK.'::text,
       'Travel, reading, family gatherings, fitness.'::text,
       'approved'::text,
       true,
       now() + interval '3 years',
       false::boolean
    );INSERT INTO public.profiles (
  id,
  auth_user_id,
  first_name,
  gender,
  seeking_gender,
  status,
  diet,
  religion,
  community,
  nationality,
  place_of_birth,
  town_country_of_origin,
  education,
  job_title,
  height_cm,
  future_settlement_plans,
  hobbies,
  photo_status,
  show_on_register,
  membership_expires_at,
  browse_paused
) VALUES (
       '970f3045-17f2-5836-81fc-469efcf0f706'::uuid,
       '970f3045-17f2-5836-81fc-469efcf0f706'::uuid,
       'Riya'::text,
       'Female'::text,
       'Male'::text,
       'active'::text,
       'Veg'::text,
       'Hindu'::text,
       NULL::text,
       'British'::text,
       'London'::text,
       'UK'::text,
       'Medicine (MBBS)'::text,
       'Civil engineer'::text,
       164::int,
       'Flexible within the UK.'::text,
       'Travel, reading, family gatherings, fitness.'::text,
       'approved'::text,
       true,
       now() + interval '3 years',
       false::boolean
    );INSERT INTO public.profiles (
  id,
  auth_user_id,
  first_name,
  gender,
  seeking_gender,
  status,
  diet,
  religion,
  community,
  nationality,
  place_of_birth,
  town_country_of_origin,
  education,
  job_title,
  height_cm,
  future_settlement_plans,
  hobbies,
  photo_status,
  show_on_register,
  membership_expires_at,
  browse_paused
) VALUES (
       '8299c761-f002-52b8-b255-5069e643df8e'::uuid,
       '8299c761-f002-52b8-b255-5069e643df8e'::uuid,
       'Shreya'::text,
       'Female'::text,
       'Male'::text,
       'active'::text,
       'Vegan'::text,
       'Hindu'::text,
       NULL::text,
       'British'::text,
       'London'::text,
       'UK'::text,
       'Architecture BA'::text,
       'Marketing lead'::text,
       165::int,
       'Flexible within the UK.'::text,
       'Travel, reading, family gatherings, fitness.'::text,
       'approved'::text,
       true,
       now() + interval '3 years',
       false::boolean
    );INSERT INTO public.profiles (
  id,
  auth_user_id,
  first_name,
  gender,
  seeking_gender,
  status,
  diet,
  religion,
  community,
  nationality,
  place_of_birth,
  town_country_of_origin,
  education,
  job_title,
  height_cm,
  future_settlement_plans,
  hobbies,
  photo_status,
  show_on_register,
  membership_expires_at,
  browse_paused
) VALUES (
       '25c4c6b9-509e-5b38-9bac-5ce57303aabf'::uuid,
       '25c4c6b9-509e-5b38-9bac-5ce57303aabf'::uuid,
       'Nisha'::text,
       'Female'::text,
       'Male'::text,
       'active'::text,
       'Non-veg'::text,
       'Hindu'::text,
       NULL::text,
       'British'::text,
       'London'::text,
       'UK'::text,
       'Accounting (ACCA)'::text,
       'GP trainee'::text,
       166::int,
       'Flexible within the UK.'::text,
       'Travel, reading, family gatherings, fitness.'::text,
       'approved'::text,
       true,
       now() + interval '3 years',
       false::boolean
    );INSERT INTO public.profiles (
  id,
  auth_user_id,
  first_name,
  gender,
  seeking_gender,
  status,
  diet,
  religion,
  community,
  nationality,
  place_of_birth,
  town_country_of_origin,
  education,
  job_title,
  height_cm,
  future_settlement_plans,
  hobbies,
  photo_status,
  show_on_register,
  membership_expires_at,
  browse_paused
) VALUES (
       '661711bb-9696-5095-8340-4154fabe23f0'::uuid,
       '661711bb-9696-5095-8340-4154fabe23f0'::uuid,
       'Kavita'::text,
       'Female'::text,
       'Male'::text,
       'active'::text,
       'Veg'::text,
       'Hindu'::text,
       NULL::text,
       'British'::text,
       'London'::text,
       'UK'::text,
       'Dentistry BDS'::text,
       'Data analyst'::text,
       167::int,
       'Flexible within the UK.'::text,
       'Travel, reading, family gatherings, fitness.'::text,
       'approved'::text,
       true,
       now() + interval '3 years',
       false::boolean
    );INSERT INTO public.member_private (
  profile_id,
  surname,
  date_of_birth,
  email,
  mobile_phone,
  home_address_line1,
  home_address_city,
  home_address_postcode,
  home_address_country,
  father_name,
  mother_name,
  id_document_url
) VALUES (
       '3f112d18-0c06-5560-897a-314369339080'::uuid,
       'Patel'::text,
       '1988-01-01'::date,
       'vanik-demo-male-01@example.com'::text,
       '0770 0010 000'::text,
       '10 Demo Street'::text,
       'London'::text,
       'SW1A 10A'::text,
       'UK'::text,
       'Mr Patel'::text,
       'Mrs Patel'::text,
       NULL::text
    );INSERT INTO public.member_private (
  profile_id,
  surname,
  date_of_birth,
  email,
  mobile_phone,
  home_address_line1,
  home_address_city,
  home_address_postcode,
  home_address_country,
  father_name,
  mother_name,
  id_document_url
) VALUES (
       'bf38c86a-d36b-52bd-8f07-3cdf83fec4ba'::uuid,
       'Shah'::text,
       '1989-02-02'::date,
       'vanik-demo-male-02@example.com'::text,
       '0770 0010 137'::text,
       '11 Demo Street'::text,
       'London'::text,
       'SW1A 11A'::text,
       'UK'::text,
       'Mr Shah'::text,
       'Mrs Shah'::text,
       NULL::text
    );INSERT INTO public.member_private (
  profile_id,
  surname,
  date_of_birth,
  email,
  mobile_phone,
  home_address_line1,
  home_address_city,
  home_address_postcode,
  home_address_country,
  father_name,
  mother_name,
  id_document_url
) VALUES (
       '1f520617-bb29-5c5f-8cda-0092a94da449'::uuid,
       'Mehta'::text,
       '1990-03-03'::date,
       'vanik-demo-male-03@example.com'::text,
       '0770 0010 274'::text,
       '12 Demo Street'::text,
       'London'::text,
       'SW1A 12A'::text,
       'UK'::text,
       'Mr Mehta'::text,
       'Mrs Mehta'::text,
       NULL::text
    );INSERT INTO public.member_private (
  profile_id,
  surname,
  date_of_birth,
  email,
  mobile_phone,
  home_address_line1,
  home_address_city,
  home_address_postcode,
  home_address_country,
  father_name,
  mother_name,
  id_document_url
) VALUES (
       'ce8e5234-c933-5be7-9a1a-917e94413dde'::uuid,
       'Kapadia'::text,
       '1991-04-04'::date,
       'vanik-demo-male-04@example.com'::text,
       '0770 0010 411'::text,
       '13 Demo Street'::text,
       'London'::text,
       'SW1A 13A'::text,
       'UK'::text,
       'Mr Kapadia'::text,
       'Mrs Kapadia'::text,
       NULL::text
    );INSERT INTO public.member_private (
  profile_id,
  surname,
  date_of_birth,
  email,
  mobile_phone,
  home_address_line1,
  home_address_city,
  home_address_postcode,
  home_address_country,
  father_name,
  mother_name,
  id_document_url
) VALUES (
       '9d8da1ca-8804-5804-b8f0-52a8c1f13243'::uuid,
       'Desai'::text,
       '1992-05-05'::date,
       'vanik-demo-male-05@example.com'::text,
       '0770 0010 548'::text,
       '14 Demo Street'::text,
       'London'::text,
       'SW1A 14A'::text,
       'UK'::text,
       'Mr Desai'::text,
       'Mrs Desai'::text,
       NULL::text
    );INSERT INTO public.member_private (
  profile_id,
  surname,
  date_of_birth,
  email,
  mobile_phone,
  home_address_line1,
  home_address_city,
  home_address_postcode,
  home_address_country,
  father_name,
  mother_name,
  id_document_url
) VALUES (
       'e9bd4a3c-3768-5cbf-aff5-448f7bc460f5'::uuid,
       'Joshi'::text,
       '1993-06-06'::date,
       'vanik-demo-male-06@example.com'::text,
       '0770 0010 685'::text,
       '15 Demo Street'::text,
       'London'::text,
       'SW1A 15A'::text,
       'UK'::text,
       'Mr Joshi'::text,
       'Mrs Joshi'::text,
       NULL::text
    );INSERT INTO public.member_private (
  profile_id,
  surname,
  date_of_birth,
  email,
  mobile_phone,
  home_address_line1,
  home_address_city,
  home_address_postcode,
  home_address_country,
  father_name,
  mother_name,
  id_document_url
) VALUES (
       'b8b79305-bfdf-52fa-a4cc-5b35749f430b'::uuid,
       'Gandhi'::text,
       '1994-07-07'::date,
       'vanik-demo-male-07@example.com'::text,
       '0770 0010 822'::text,
       '16 Demo Street'::text,
       'London'::text,
       'SW1A 16A'::text,
       'UK'::text,
       'Mr Gandhi'::text,
       'Mrs Gandhi'::text,
       NULL::text
    );INSERT INTO public.member_private (
  profile_id,
  surname,
  date_of_birth,
  email,
  mobile_phone,
  home_address_line1,
  home_address_city,
  home_address_postcode,
  home_address_country,
  father_name,
  mother_name,
  id_document_url
) VALUES (
       '8f98016d-38d5-5744-ab03-38b962676741'::uuid,
       'Shah'::text,
       '1995-08-08'::date,
       'vanik-demo-male-08@example.com'::text,
       '0770 0010 959'::text,
       '17 Demo Street'::text,
       'London'::text,
       'SW1A 17A'::text,
       'UK'::text,
       'Mr Shah'::text,
       'Mrs Shah'::text,
       NULL::text
    );INSERT INTO public.member_private (
  profile_id,
  surname,
  date_of_birth,
  email,
  mobile_phone,
  home_address_line1,
  home_address_city,
  home_address_postcode,
  home_address_country,
  father_name,
  mother_name,
  id_document_url
) VALUES (
       '547eb95f-8e1f-5d9b-b55e-08b9fbc70127'::uuid,
       'Modi'::text,
       '1996-09-09'::date,
       'vanik-demo-male-09@example.com'::text,
       '0770 0011 096'::text,
       '18 Demo Street'::text,
       'London'::text,
       'SW1A 18A'::text,
       'UK'::text,
       'Mr Modi'::text,
       'Mrs Modi'::text,
       NULL::text
    );INSERT INTO public.member_private (
  profile_id,
  surname,
  date_of_birth,
  email,
  mobile_phone,
  home_address_line1,
  home_address_city,
  home_address_postcode,
  home_address_country,
  father_name,
  mother_name,
  id_document_url
) VALUES (
       '416eed35-0626-5474-9b3d-18b34b8ccbb3'::uuid,
       'Gupta'::text,
       '1997-10-10'::date,
       'vanik-demo-male-10@example.com'::text,
       '0770 0011 233'::text,
       '19 Demo Street'::text,
       'London'::text,
       'SW1A 19A'::text,
       'UK'::text,
       'Mr Gupta'::text,
       'Mrs Gupta'::text,
       NULL::text
    );INSERT INTO public.member_private (
  profile_id,
  surname,
  date_of_birth,
  email,
  mobile_phone,
  home_address_line1,
  home_address_city,
  home_address_postcode,
  home_address_country,
  father_name,
  mother_name,
  id_document_url
) VALUES (
       '10173035-97d0-5b7b-bba8-7a25750d719d'::uuid,
       'Patel'::text,
       '1988-01-01'::date,
       'vanik-demo-female-01@example.com'::text,
       '0770 0010 001'::text,
       '10 Demo Street'::text,
       'London'::text,
       'SW1A 10A'::text,
       'UK'::text,
       'Mr Patel'::text,
       'Mrs Patel'::text,
       NULL::text
    );INSERT INTO public.member_private (
  profile_id,
  surname,
  date_of_birth,
  email,
  mobile_phone,
  home_address_line1,
  home_address_city,
  home_address_postcode,
  home_address_country,
  father_name,
  mother_name,
  id_document_url
) VALUES (
       '631376de-0f95-574d-a377-0a6037aa0ba4'::uuid,
       'Shah'::text,
       '1989-02-02'::date,
       'vanik-demo-female-02@example.com'::text,
       '0770 0010 138'::text,
       '11 Demo Street'::text,
       'London'::text,
       'SW1A 11A'::text,
       'UK'::text,
       'Mr Shah'::text,
       'Mrs Shah'::text,
       NULL::text
    );INSERT INTO public.member_private (
  profile_id,
  surname,
  date_of_birth,
  email,
  mobile_phone,
  home_address_line1,
  home_address_city,
  home_address_postcode,
  home_address_country,
  father_name,
  mother_name,
  id_document_url
) VALUES (
       '2ea2feac-1904-5574-856d-7aeb47b76204'::uuid,
       'Mehta'::text,
       '1990-03-03'::date,
       'vanik-demo-female-03@example.com'::text,
       '0770 0010 275'::text,
       '12 Demo Street'::text,
       'London'::text,
       'SW1A 12A'::text,
       'UK'::text,
       'Mr Mehta'::text,
       'Mrs Mehta'::text,
       NULL::text
    );INSERT INTO public.member_private (
  profile_id,
  surname,
  date_of_birth,
  email,
  mobile_phone,
  home_address_line1,
  home_address_city,
  home_address_postcode,
  home_address_country,
  father_name,
  mother_name,
  id_document_url
) VALUES (
       '876a14a3-c453-5b05-823e-a0df51c09746'::uuid,
       'Kapadia'::text,
       '1991-04-04'::date,
       'vanik-demo-female-04@example.com'::text,
       '0770 0010 412'::text,
       '13 Demo Street'::text,
       'London'::text,
       'SW1A 13A'::text,
       'UK'::text,
       'Mr Kapadia'::text,
       'Mrs Kapadia'::text,
       NULL::text
    );INSERT INTO public.member_private (
  profile_id,
  surname,
  date_of_birth,
  email,
  mobile_phone,
  home_address_line1,
  home_address_city,
  home_address_postcode,
  home_address_country,
  father_name,
  mother_name,
  id_document_url
) VALUES (
       '9d39406e-0932-5ea6-a373-4693026cfc05'::uuid,
       'Desai'::text,
       '1992-05-05'::date,
       'vanik-demo-female-05@example.com'::text,
       '0770 0010 549'::text,
       '14 Demo Street'::text,
       'London'::text,
       'SW1A 14A'::text,
       'UK'::text,
       'Mr Desai'::text,
       'Mrs Desai'::text,
       NULL::text
    );INSERT INTO public.member_private (
  profile_id,
  surname,
  date_of_birth,
  email,
  mobile_phone,
  home_address_line1,
  home_address_city,
  home_address_postcode,
  home_address_country,
  father_name,
  mother_name,
  id_document_url
) VALUES (
       'c312569b-17c4-5750-bb6b-a7c8cb90f603'::uuid,
       'Joshi'::text,
       '1993-06-06'::date,
       'vanik-demo-female-06@example.com'::text,
       '0770 0010 686'::text,
       '15 Demo Street'::text,
       'London'::text,
       'SW1A 15A'::text,
       'UK'::text,
       'Mr Joshi'::text,
       'Mrs Joshi'::text,
       NULL::text
    );INSERT INTO public.member_private (
  profile_id,
  surname,
  date_of_birth,
  email,
  mobile_phone,
  home_address_line1,
  home_address_city,
  home_address_postcode,
  home_address_country,
  father_name,
  mother_name,
  id_document_url
) VALUES (
       '970f3045-17f2-5836-81fc-469efcf0f706'::uuid,
       'Gandhi'::text,
       '1994-07-07'::date,
       'vanik-demo-female-07@example.com'::text,
       '0770 0010 823'::text,
       '16 Demo Street'::text,
       'London'::text,
       'SW1A 16A'::text,
       'UK'::text,
       'Mr Gandhi'::text,
       'Mrs Gandhi'::text,
       NULL::text
    );INSERT INTO public.member_private (
  profile_id,
  surname,
  date_of_birth,
  email,
  mobile_phone,
  home_address_line1,
  home_address_city,
  home_address_postcode,
  home_address_country,
  father_name,
  mother_name,
  id_document_url
) VALUES (
       '8299c761-f002-52b8-b255-5069e643df8e'::uuid,
       'Shah'::text,
       '1995-08-08'::date,
       'vanik-demo-female-08@example.com'::text,
       '0770 0010 960'::text,
       '17 Demo Street'::text,
       'London'::text,
       'SW1A 17A'::text,
       'UK'::text,
       'Mr Shah'::text,
       'Mrs Shah'::text,
       NULL::text
    );INSERT INTO public.member_private (
  profile_id,
  surname,
  date_of_birth,
  email,
  mobile_phone,
  home_address_line1,
  home_address_city,
  home_address_postcode,
  home_address_country,
  father_name,
  mother_name,
  id_document_url
) VALUES (
       '25c4c6b9-509e-5b38-9bac-5ce57303aabf'::uuid,
       'Modi'::text,
       '1996-09-09'::date,
       'vanik-demo-female-09@example.com'::text,
       '0770 0011 097'::text,
       '18 Demo Street'::text,
       'London'::text,
       'SW1A 18A'::text,
       'UK'::text,
       'Mr Modi'::text,
       'Mrs Modi'::text,
       NULL::text
    );INSERT INTO public.member_private (
  profile_id,
  surname,
  date_of_birth,
  email,
  mobile_phone,
  home_address_line1,
  home_address_city,
  home_address_postcode,
  home_address_country,
  father_name,
  mother_name,
  id_document_url
) VALUES (
       '661711bb-9696-5095-8340-4154fabe23f0'::uuid,
       'Gupta'::text,
       '1997-10-10'::date,
       'vanik-demo-female-10@example.com'::text,
       '0770 0011 234'::text,
       '19 Demo Street'::text,
       'London'::text,
       'SW1A 19A'::text,
       'UK'::text,
       'Mr Gupta'::text,
       'Mrs Gupta'::text,
       NULL::text
    );
  FOR r IN SELECT id, gender FROM (
  SELECT '3f112d18-0c06-5560-897a-314369339080'::uuid AS id, 'Male'::text AS gender
 UNION ALL   SELECT 'bf38c86a-d36b-52bd-8f07-3cdf83fec4ba'::uuid AS id, 'Male'::text AS gender
 UNION ALL   SELECT '1f520617-bb29-5c5f-8cda-0092a94da449'::uuid AS id, 'Male'::text AS gender
 UNION ALL   SELECT 'ce8e5234-c933-5be7-9a1a-917e94413dde'::uuid AS id, 'Male'::text AS gender
 UNION ALL   SELECT '9d8da1ca-8804-5804-b8f0-52a8c1f13243'::uuid AS id, 'Male'::text AS gender
 UNION ALL   SELECT 'e9bd4a3c-3768-5cbf-aff5-448f7bc460f5'::uuid AS id, 'Male'::text AS gender
 UNION ALL   SELECT 'b8b79305-bfdf-52fa-a4cc-5b35749f430b'::uuid AS id, 'Male'::text AS gender
 UNION ALL   SELECT '8f98016d-38d5-5744-ab03-38b962676741'::uuid AS id, 'Male'::text AS gender
 UNION ALL   SELECT '547eb95f-8e1f-5d9b-b55e-08b9fbc70127'::uuid AS id, 'Male'::text AS gender
 UNION ALL   SELECT '416eed35-0626-5474-9b3d-18b34b8ccbb3'::uuid AS id, 'Male'::text AS gender
 UNION ALL   SELECT '10173035-97d0-5b7b-bba8-7a25750d719d'::uuid AS id, 'Female'::text AS gender
 UNION ALL   SELECT '631376de-0f95-574d-a377-0a6037aa0ba4'::uuid AS id, 'Female'::text AS gender
 UNION ALL   SELECT '2ea2feac-1904-5574-856d-7aeb47b76204'::uuid AS id, 'Female'::text AS gender
 UNION ALL   SELECT '876a14a3-c453-5b05-823e-a0df51c09746'::uuid AS id, 'Female'::text AS gender
 UNION ALL   SELECT '9d39406e-0932-5ea6-a373-4693026cfc05'::uuid AS id, 'Female'::text AS gender
 UNION ALL   SELECT 'c312569b-17c4-5750-bb6b-a7c8cb90f603'::uuid AS id, 'Female'::text AS gender
 UNION ALL   SELECT '970f3045-17f2-5836-81fc-469efcf0f706'::uuid AS id, 'Female'::text AS gender
 UNION ALL   SELECT '8299c761-f002-52b8-b255-5069e643df8e'::uuid AS id, 'Female'::text AS gender
 UNION ALL   SELECT '25c4c6b9-509e-5b38-9bac-5ce57303aabf'::uuid AS id, 'Female'::text AS gender
 UNION ALL   SELECT '661711bb-9696-5095-8340-4154fabe23f0'::uuid AS id, 'Female'::text AS gender
) _
LOOP
  PERFORM public.assign_next_reference_number(r.id, r.gender);
END LOOP;
END $$;
